-- phpMyAdmin SQL Dump
-- version 4.7.7
-- https://www.phpmyadmin.net/
--
-- Host: localhost
-- Generation Time: Sep 15, 2020 at 03:12 PM
-- Server version: 10.1.30-MariaDB
-- PHP Version: 5.6.33

SET SQL_MODE = "NO_AUTO_VALUE_ON_ZERO";
SET AUTOCOMMIT = 0;
START TRANSACTION;
SET time_zone = "+00:00";


/*!40101 SET @OLD_CHARACTER_SET_CLIENT=@@CHARACTER_SET_CLIENT */;
/*!40101 SET @OLD_CHARACTER_SET_RESULTS=@@CHARACTER_SET_RESULTS */;
/*!40101 SET @OLD_COLLATION_CONNECTION=@@COLLATION_CONNECTION */;
/*!40101 SET NAMES utf8mb4 */;

--
-- Database: `shop_v2`
--
CREATE DATABASE IF NOT EXISTS `shop_v2` DEFAULT CHARACTER SET utf8 COLLATE utf8_general_ci;
USE `shop_v2`;

-- --------------------------------------------------------

--
-- Table structure for table `tbl_bank`
--

CREATE TABLE `tbl_bank` (
  `b_id` int(11) NOT NULL,
  `b_name` varchar(100) CHARACTER SET utf8 NOT NULL,
  `b_type` varchar(100) CHARACTER SET utf8 NOT NULL,
  `b_number` varchar(20) NOT NULL,
  `b_owner` varchar(100) CHARACTER SET utf8 NOT NULL,
  `bn_name` varchar(100) CHARACTER SET utf8 NOT NULL COMMENT 'ชื่อสาขา',
  `b_date` timestamp NOT NULL DEFAULT CURRENT_TIMESTAMP
) ENGINE=MyISAM DEFAULT CHARSET=latin1 COMMENT='bank';

--
-- Dumping data for table `tbl_bank`
--

INSERT INTO `tbl_bank` (`b_id`, `b_name`, `b_type`, `b_number`, `b_owner`, `bn_name`, `b_date`) VALUES
(1, 'ไทยพาณิชย์', 'ออมทรัพย์', '4066699249', 'surapong siribannakul', 'กรุงเทพ', '2019-07-27 10:17:37'),
(2, 'ไทยพาณิชย์', 'ออมทรัพย์', '4066699249', 'surapong siribannakul', 'ชลบุรี', '2019-07-27 10:17:37'),
(4, 'ไทยพาณิชย์', 'ออมทรัพย์', '4066699249', 'surapong siribannakul', 'พระราม2', '2019-07-27 10:17:37'),
(5, 'กรุงไทย', 'ออมทรัพย์', '4066699249', 'surapong siribannakul', 'พระราม3', '2019-07-28 07:37:52');

-- --------------------------------------------------------

--
-- Table structure for table `tbl_member`
--

CREATE TABLE `tbl_member` (
  `member_id` int(11) NOT NULL,
  `m_user` varchar(20) NOT NULL,
  `m_pass` varchar(20) NOT NULL,
  `m_level` varchar(50) NOT NULL,
  `m_name` varchar(100) NOT NULL,
  `m_email` varchar(100) NOT NULL,
  `m_tel` varchar(20) NOT NULL,
  `m_address` varchar(200) NOT NULL,
  `date_save` timestamp NOT NULL DEFAULT CURRENT_TIMESTAMP
) ENGINE=InnoDB DEFAULT CHARSET=utf8;

--
-- Dumping data for table `tbl_member`
--

INSERT INTO `tbl_member` (`member_id`, `m_user`, `m_pass`, `m_level`, `m_name`, `m_email`, `m_tel`, `m_address`, `date_save`) VALUES
(1, 'aa', 'aa', 'admin', 'admin', 'admin@gmail.com ', '0965980987', 'admin devtai.com', '2019-07-29 14:04:49'),
(2, 'mm', 'mm', 'member', 'member', 'member@gmail.com', '0931294710', 'member adress', '2019-07-29 14:05:58'),
(3, '11', '11', 'member', 'devtai', 'waiyawootlove@gmail.com', '0931294710', '517/181 Suksawat 38', '2019-07-29 16:08:44'),
(4, '22', '22', 'member', 'member01', 'member@gmail.com', '0931294710', '517/181 Suksawat 38', '2019-07-29 16:09:02');

-- --------------------------------------------------------

--
-- Table structure for table `tbl_order`
--

CREATE TABLE `tbl_order` (
  `order_id` int(10) UNSIGNED ZEROFILL NOT NULL,
  `member_id` int(11) NOT NULL,
  `name` varchar(100) COLLATE utf8_unicode_ci NOT NULL,
  `address` varchar(500) COLLATE utf8_unicode_ci NOT NULL,
  `email` varchar(100) COLLATE utf8_unicode_ci NOT NULL,
  `phone` varchar(20) COLLATE utf8_unicode_ci NOT NULL,
  `order_status` int(1) NOT NULL,
  `pay_slip` varchar(200) COLLATE utf8_unicode_ci DEFAULT NULL,
  `b_name` varchar(100) COLLATE utf8_unicode_ci DEFAULT NULL COMMENT 'ชื่อธนาคาร',
  `b_number` varchar(20) COLLATE utf8_unicode_ci DEFAULT NULL COMMENT 'เลข บช',
  `pay_date` date DEFAULT NULL,
  `pay_amount` float(10,2) DEFAULT NULL,
  `postcode` varchar(30) COLLATE utf8_unicode_ci DEFAULT NULL,
  `order_date` datetime NOT NULL
) ENGINE=MyISAM DEFAULT CHARSET=utf8 COLLATE=utf8_unicode_ci;

--
-- Dumping data for table `tbl_order`
--

INSERT INTO `tbl_order` (`order_id`, `member_id`, `name`, `address`, `email`, `phone`, `order_status`, `pay_slip`, `b_name`, `b_number`, `pay_date`, `pay_amount`, `postcode`, `order_date`) VALUES
(0000000001, 3, 'devtai', '517/181 Suksawat 38', 'waiyawootlove@gmail.com', '0931294710', 1, '', '', '', '0000-00-00', 0.00, '', '2019-11-23 15:18:40'),
(0000000002, 4, 'member01', '517/181 Suksawat 38', 'member@gmail.com', '0931294710', 1, '', '', '', '0000-00-00', 0.00, '', '2020-01-15 14:37:26'),
(0000000003, 4, 'member01', '517/181 Suksawat 38', 'member@gmail.com', '0931294710', 1, '', '', '', '0000-00-00', 0.00, '', '2020-01-29 16:08:33'),
(0000000004, 4, 'member01', '517/181 Suksawat 38', 'member@gmail.com', '0931294710', 1, '', '', '', '0000-00-00', 0.00, '', '2020-04-15 18:37:58'),
(0000000005, 4, 'member01', '517/181 Suksawat 38', 'member@gmail.com', '0931294710', 1, '', '', '', '0000-00-00', 0.00, '', '2020-04-15 18:40:30'),
(0000000006, 4, 'member01', '517/181 Suksawat 38', 'member@gmail.com', '0931294710', 2, '198286296020200422_093416.jpg', 'ไทยพาณิชย์', '4066699249', '2020-04-22', 150.00, '', '2020-04-17 17:44:54'),
(0000000007, 4, 'member01', '517/181 Suksawat 38', 'member@gmail.com', '0931294710', 3, '3195731920200422_093609.jpg', 'ไทยพาณิชย์', '4066699249', '2020-04-22', 150.00, '123132132131', '2020-04-19 14:33:28'),
(0000000008, 4, 'member01', '517/181 Suksawat 38', 'member@gmail.com', '0931294710', 3, '64329143320200419_164342.jpg', 'ไทยพาณิชย์', '4066699249', '2020-04-19', 20000.00, '123132132131', '2020-04-19 16:38:18'),
(0000000009, 4, 'member01', '517/181 Suksawat 38', 'member@gmail.com', '0931294710', 1, '', '', '', '0000-00-00', 0.00, '', '2020-04-22 09:33:36');

-- --------------------------------------------------------

--
-- Table structure for table `tbl_order_detail`
--

CREATE TABLE `tbl_order_detail` (
  `d_id` int(10) NOT NULL,
  `order_id` int(11) NOT NULL,
  `p_id` int(11) NOT NULL,
  `p_name` varchar(200) CHARACTER SET utf8 DEFAULT NULL,
  `p_c_qty` int(11) NOT NULL,
  `total` float NOT NULL,
  `datesave` timestamp NOT NULL DEFAULT CURRENT_TIMESTAMP
) ENGINE=MyISAM DEFAULT CHARSET=utf8 COLLATE=utf8_unicode_ci;

--
-- Dumping data for table `tbl_order_detail`
--

INSERT INTO `tbl_order_detail` (`d_id`, `order_id`, `p_id`, `p_name`, `p_c_qty`, `total`, `datesave`) VALUES
(1, 1, 24, 'เสื้อโปโล', 1, 150, '2019-11-23 08:18:40'),
(2, 1, 20, 'NIKE', 1, 5500, '2019-11-23 08:18:40'),
(3, 2, 24, 'เสื้อโปโล', 1, 150, '2020-01-15 07:37:26'),
(4, 2, 23, 'เสื้อโปโล', 1, 150, '2020-01-15 07:37:26'),
(5, 2, 20, 'NIKE', 1, 5500, '2020-01-15 07:37:26'),
(6, 3, 24, 'เสื้อโปโล', 1, 150, '2020-01-29 09:08:33'),
(7, 3, 23, 'เสื้อโปโล', 1, 150, '2020-01-29 09:08:33'),
(8, 4, 21, 'เสื้อโปโล', 1, 150, '2020-04-15 11:37:58'),
(9, 4, 23, 'เสื้อโปโล', 1, 150, '2020-04-15 11:37:58'),
(10, 4, 20, 'NIKE', 1, 5500, '2020-04-15 11:37:58'),
(11, 5, 22, 'เสื้อโปโล', 1, 150, '2020-04-15 11:40:30'),
(12, 5, 23, 'เสื้อโปโล', 1, 150, '2020-04-15 11:40:30'),
(13, 6, 22, 'เสื้อโปโล', 1, 150, '2020-04-17 10:44:54'),
(14, 7, 24, 'เสื้อโปโล', 1, 150, '2020-04-19 07:33:28'),
(15, 8, 11, 'iPhone XS', 1, 20000, '2020-04-19 09:38:18'),
(16, 9, 23, 'เสื้อโปโล', 1, 150, '2020-04-22 02:33:36'),
(17, 9, 24, 'เสื้อโปโล', 1, 150, '2020-04-22 02:33:36');

-- --------------------------------------------------------

--
-- Table structure for table `tbl_product`
--

CREATE TABLE `tbl_product` (
  `p_id` int(11) NOT NULL,
  `p_name` varchar(200) NOT NULL,
  `type_id` int(11) NOT NULL,
  `p_detail` text NOT NULL,
  `p_img` varchar(200) NOT NULL,
  `p_price` int(11) NOT NULL,
  `p_qty` varchar(11) NOT NULL,
  `p_unit` varchar(20) NOT NULL,
  `datesave` timestamp NOT NULL DEFAULT CURRENT_TIMESTAMP
) ENGINE=InnoDB DEFAULT CHARSET=utf8;

--
-- Dumping data for table `tbl_product`
--

INSERT INTO `tbl_product` (`p_id`, `p_name`, `type_id`, `p_detail`, `p_img`, `p_price`, `p_qty`, `p_unit`, `datesave`) VALUES
(1, 'Casio', 2, '<p>&nbsp;</p>\r\n\r\n<ul>\r\n	<li>จับเวลาละเอียด 1/100 วินาทีจับเวลาต่อเนื่องสูงสุด: 23:59&rsquo;59.99&rsquo;&rsquo;โหมดการจับเวลา: การจับเวลาตั้งแต่เริ่มต้นถึงตำแหน่งปัจจุบัน (Elapsed time), จับเวลาเป็นช่วงๆ ในระหว่างจุดเริ่มต้นถึงสิ้นสุด (Split time) และเวลาเข้าเส้นชัยของผู้แข่งขันที่ได้ตำแหน่งที่ 1 และ 2</li>\r\n	<li>ตัวนับเวลาถอยหลังหน่วยการนับ: 1 วินาทีระยะเวลาการนับถอยหลัง: 60 นาทีช่วงระยะเวลาการเริ่มต้นนับถอยหลังที่ตั้งได้: 1 ถึง 60 นาที (เพิ่มทีละ 1 นาที)</li>\r\n	<li>นาฬิกาปลุกที่ปลุกทุกวัน 5 เวลา (มีการเลื่อนปลุก 1 เวลา)</li>\r\n	<li>สัญญาณแจ้งต้นชั่วโมง</li>\r\n	<li>สัญญาณแจ้งเตือนเมื่อแบตเตอรี่เหลือน้อย</li>\r\n	<li>แสดงปฏิทินแบบเต็มโดยอัตโนมัติ (ถึงปี 2099)</li>\r\n	<li>แสดงเวลารูปแบบ 12/24 ชั่วโมง</li>\r\n	<li>เปิด/ปิดเสียงการทำงานของปุ่ม</li>\r\n</ul>\r\n', '188770155120190729_212738.png', 1250, '9', 'ชิ้น', '2019-07-29 14:23:26'),
(2, 'G Schock', 2, '<ul>\r\n	<li>วัสดุตัวเรือน / กรอบ: เรซิน / สเตนเลสสตีล</li>\r\n	<li>สายเรซิน</li>\r\n	<li>นีโอไบรท์</li>\r\n	<li>กันโคลน</li>\r\n	<li>ทนทานต่อแรงสั่นสะเทือน</li>\r\n	<li>กระจกมิเนอรัล</li>\r\n	<li>กันน้ำลึก 200 เมตร</li>\r\n	<li>ไฟพื้นหลัง LED (Super Illuminator - ไฟเรืองแสงโดดเด่น)สวิตช์ไฟอัตโนมัติ, เลือกระยะเวลาการเรืองแสงได้ (1.5 วินาทีหรือ 3 วินาที), แสงระเรื่อ</li>\r\n</ul>\r\n', 'img159686081620190729_212538.png', 550, '20', 'ชิ้น', '2019-07-29 14:25:38'),
(3, 'G-Shock', 2, '<ul>\r\n	<li>จับเวลาละเอียด 1/100 วินาทีจับเวลาต่อเนื่องสูงสุด: 23:59&rsquo;59.99&rsquo;&rsquo;โหมดการจับเวลา: การจับเวลาตั้งแต่เริ่มต้นถึงตำแหน่งปัจจุบัน (Elapsed time), จับเวลาเป็นช่วงๆ ในระหว่างจุดเริ่มต้นถึงสิ้นสุด (Split time) และเวลาเข้าเส้นชัยของผู้แข่งขันที่ได้ตำแหน่งที่ 1 และ 2</li>\r\n	<li>ตัวนับเวลาถอยหลังหน่วยการนับ: 1 วินาทีระยะเวลาการนับถอยหลัง: 60 นาทีช่วงระยะเวลาการเริ่มต้นนับถอยหลังที่ตั้งได้: 1 ถึง 60 นาที (เพิ่มทีละ 1 นาที)</li>\r\n	<li>นาฬิกาปลุกที่ปลุกทุกวัน 5 เวลา (มีการเลื่อนปลุก 1 เวลา)</li>\r\n	<li>สัญญาณแจ้งต้นชั่วโมง</li>\r\n	<li>สัญญาณแจ้งเตือนเมื่อแบตเตอรี่เหลือน้อย</li>\r\n	<li>แสดงปฏิทินแบบเต็มโดยอัตโนมัติ (ถึงปี 2099)</li>\r\n	<li>แสดงเวลารูปแบบ 12/24 ชั่วโมง</li>\r\n	<li>เปิด/ปิดเสียงการทำงานของปุ่ม</li>\r\n</ul>\r\n', 'img187614874920190729_214238.png', 400, '15', 'ชิ้น', '2019-07-29 14:42:38'),
(4, 'G Schock', 2, '<ul>\r\n	<li>จับเวลาละเอียด 1/100 วินาทีจับเวลาต่อเนื่องสูงสุด: 23:59&rsquo;59.99&rsquo;&rsquo;โหมดการจับเวลา: การจับเวลาตั้งแต่เริ่มต้นถึงตำแหน่งปัจจุบัน (Elapsed time), จับเวลาเป็นช่วงๆ ในระหว่างจุดเริ่มต้นถึงสิ้นสุด (Split time) และเวลาเข้าเส้นชัยของผู้แข่งขันที่ได้ตำแหน่งที่ 1 และ 2</li>\r\n	<li>ตัวนับเวลาถอยหลังหน่วยการนับ: 1 วินาทีระยะเวลาการนับถอยหลัง: 60 นาทีช่วงระยะเวลาการเริ่มต้นนับถอยหลังที่ตั้งได้: 1 ถึง 60 นาที (เพิ่มทีละ 1 นาที)</li>\r\n	<li>นาฬิกาปลุกที่ปลุกทุกวัน 5 เวลา (มีการเลื่อนปลุก 1 เวลา)</li>\r\n	<li>สัญญาณแจ้งต้นชั่วโมง</li>\r\n	<li>สัญญาณแจ้งเตือนเมื่อแบตเตอรี่เหลือน้อย</li>\r\n	<li>แสดงปฏิทินแบบเต็มโดยอัตโนมัติ (ถึงปี 2099)</li>\r\n	<li>แสดงเวลารูปแบบ 12/24 ชั่วโมง</li>\r\n	<li>เปิด/ปิดเสียงการทำงานของปุ่ม</li>\r\n</ul>\r\n', 'img118760538520190729_214336.png', 1000, '4', 'ชิ้น', '2019-07-29 14:43:36'),
(5, 'G Schock', 2, '<ul>\r\n	<li>วัสดุตัวเรือน / กรอบ: เรซิน / สเตนเลสสตีล</li>\r\n	<li>สายเรซิน</li>\r\n	<li>นีโอไบรท์</li>\r\n	<li>กันโคลน</li>\r\n	<li>ทนทานต่อแรงสั่นสะเทือน</li>\r\n	<li>กระจกมิเนอรัล</li>\r\n	<li>กันน้ำลึก 200 เมตร</li>\r\n	<li>ไฟพื้นหลัง LED (Super Illuminator - ไฟเรืองแสงโดดเด่น)สวิตช์ไฟอัตโนมัติ, เลือกระยะเวลาการเรืองแสงได้ (1.5 วินาทีหรือ 3 วินาที), แสงระเรื่อ</li>\r\n</ul>\r\n', 'img159686081620190729_212538.png', 550, '17', 'ชิ้น', '2019-07-29 14:25:38'),
(6, 'G-Shock', 2, '<ul>\r\n	<li>จับเวลาละเอียด 1/100 วินาทีจับเวลาต่อเนื่องสูงสุด: 23:59&rsquo;59.99&rsquo;&rsquo;โหมดการจับเวลา: การจับเวลาตั้งแต่เริ่มต้นถึงตำแหน่งปัจจุบัน (Elapsed time), จับเวลาเป็นช่วงๆ ในระหว่างจุดเริ่มต้นถึงสิ้นสุด (Split time) และเวลาเข้าเส้นชัยของผู้แข่งขันที่ได้ตำแหน่งที่ 1 และ 2</li>\r\n	<li>ตัวนับเวลาถอยหลังหน่วยการนับ: 1 วินาทีระยะเวลาการนับถอยหลัง: 60 นาทีช่วงระยะเวลาการเริ่มต้นนับถอยหลังที่ตั้งได้: 1 ถึง 60 นาที (เพิ่มทีละ 1 นาที)</li>\r\n	<li>นาฬิกาปลุกที่ปลุกทุกวัน 5 เวลา (มีการเลื่อนปลุก 1 เวลา)</li>\r\n	<li>สัญญาณแจ้งต้นชั่วโมง</li>\r\n	<li>สัญญาณแจ้งเตือนเมื่อแบตเตอรี่เหลือน้อย</li>\r\n	<li>แสดงปฏิทินแบบเต็มโดยอัตโนมัติ (ถึงปี 2099)</li>\r\n	<li>แสดงเวลารูปแบบ 12/24 ชั่วโมง</li>\r\n	<li>เปิด/ปิดเสียงการทำงานของปุ่ม</li>\r\n</ul>\r\n', 'img187614874920190729_214238.png', 400, '15', 'ชิ้น', '2019-07-29 14:42:38'),
(7, 'G Schock', 2, '<ul>\r\n	<li>จับเวลาละเอียด 1/100 วินาทีจับเวลาต่อเนื่องสูงสุด: 23:59&rsquo;59.99&rsquo;&rsquo;โหมดการจับเวลา: การจับเวลาตั้งแต่เริ่มต้นถึงตำแหน่งปัจจุบัน (Elapsed time), จับเวลาเป็นช่วงๆ ในระหว่างจุดเริ่มต้นถึงสิ้นสุด (Split time) และเวลาเข้าเส้นชัยของผู้แข่งขันที่ได้ตำแหน่งที่ 1 และ 2</li>\r\n	<li>ตัวนับเวลาถอยหลังหน่วยการนับ: 1 วินาทีระยะเวลาการนับถอยหลัง: 60 นาทีช่วงระยะเวลาการเริ่มต้นนับถอยหลังที่ตั้งได้: 1 ถึง 60 นาที (เพิ่มทีละ 1 นาที)</li>\r\n	<li>นาฬิกาปลุกที่ปลุกทุกวัน 5 เวลา (มีการเลื่อนปลุก 1 เวลา)</li>\r\n	<li>สัญญาณแจ้งต้นชั่วโมง</li>\r\n	<li>สัญญาณแจ้งเตือนเมื่อแบตเตอรี่เหลือน้อย</li>\r\n	<li>แสดงปฏิทินแบบเต็มโดยอัตโนมัติ (ถึงปี 2099)</li>\r\n	<li>แสดงเวลารูปแบบ 12/24 ชั่วโมง</li>\r\n	<li>เปิด/ปิดเสียงการทำงานของปุ่ม</li>\r\n</ul>\r\n', 'img118760538520190729_214336.png', 1000, '5', 'ชิ้น', '2019-07-29 14:43:36'),
(8, 'Casio', 2, '<p>&nbsp;</p>\r\n\r\n<ul>\r\n	<li>จับเวลาละเอียด 1/100 วินาทีจับเวลาต่อเนื่องสูงสุด: 23:59&rsquo;59.99&rsquo;&rsquo;โหมดการจับเวลา: การจับเวลาตั้งแต่เริ่มต้นถึงตำแหน่งปัจจุบัน (Elapsed time), จับเวลาเป็นช่วงๆ ในระหว่างจุดเริ่มต้นถึงสิ้นสุด (Split time) และเวลาเข้าเส้นชัยของผู้แข่งขันที่ได้ตำแหน่งที่ 1 และ 2</li>\r\n	<li>ตัวนับเวลาถอยหลังหน่วยการนับ: 1 วินาทีระยะเวลาการนับถอยหลัง: 60 นาทีช่วงระยะเวลาการเริ่มต้นนับถอยหลังที่ตั้งได้: 1 ถึง 60 นาที (เพิ่มทีละ 1 นาที)</li>\r\n	<li>นาฬิกาปลุกที่ปลุกทุกวัน 5 เวลา (มีการเลื่อนปลุก 1 เวลา)</li>\r\n	<li>สัญญาณแจ้งต้นชั่วโมง</li>\r\n	<li>สัญญาณแจ้งเตือนเมื่อแบตเตอรี่เหลือน้อย</li>\r\n	<li>แสดงปฏิทินแบบเต็มโดยอัตโนมัติ (ถึงปี 2099)</li>\r\n	<li>แสดงเวลารูปแบบ 12/24 ชั่วโมง</li>\r\n	<li>เปิด/ปิดเสียงการทำงานของปุ่ม</li>\r\n</ul>\r\n', '188770155120190729_212738.png', 1250, '9', 'ชิ้น', '2019-07-29 14:23:26'),
(9, 'G-Shock', 2, '<ul>\r\n	<li>จับเวลาละเอียด 1/100 วินาทีจับเวลาต่อเนื่องสูงสุด: 23:59&rsquo;59.99&rsquo;&rsquo;โหมดการจับเวลา: การจับเวลาตั้งแต่เริ่มต้นถึงตำแหน่งปัจจุบัน (Elapsed time), จับเวลาเป็นช่วงๆ ในระหว่างจุดเริ่มต้นถึงสิ้นสุด (Split time) และเวลาเข้าเส้นชัยของผู้แข่งขันที่ได้ตำแหน่งที่ 1 และ 2</li>\r\n	<li>ตัวนับเวลาถอยหลังหน่วยการนับ: 1 วินาทีระยะเวลาการนับถอยหลัง: 60 นาทีช่วงระยะเวลาการเริ่มต้นนับถอยหลังที่ตั้งได้: 1 ถึง 60 นาที (เพิ่มทีละ 1 นาที)</li>\r\n	<li>นาฬิกาปลุกที่ปลุกทุกวัน 5 เวลา (มีการเลื่อนปลุก 1 เวลา)</li>\r\n	<li>สัญญาณแจ้งต้นชั่วโมง</li>\r\n	<li>สัญญาณแจ้งเตือนเมื่อแบตเตอรี่เหลือน้อย</li>\r\n	<li>แสดงปฏิทินแบบเต็มโดยอัตโนมัติ (ถึงปี 2099)</li>\r\n	<li>แสดงเวลารูปแบบ 12/24 ชั่วโมง</li>\r\n	<li>เปิด/ปิดเสียงการทำงานของปุ่ม</li>\r\n</ul>\r\n', 'img187614874920190729_214238.png', 400, '12', 'ชิ้น', '2019-07-29 14:42:38'),
(10, 'iPhone XS', 1, '<p>พบกับ Super Retina&nbsp;สองขนาด&nbsp;โดยหนึ่งในนั้นคือจอภาพที่ใหญ่<br />\r\nที่สุดเท่าที่เคยมีมาบน iPhone แล้วยังมี Face&nbsp;ID ที่เร็วยิ่งขึ้น&nbsp;<br />\r\nชิพที่ทั้งฉลาดและทรงพลังที่สุดในสมาร์ทโฟน&nbsp;<br />\r\nและระบบกล้องคู่สุดล้ำที่มาพร้อมการควบคุมระยะชัดลึก&nbsp;<br />\r\nเรียกได้ว่า&nbsp;iPhone XS&nbsp;คือขีดสุดของทุกอย่าง<br />\r\nที่คุณชอบเกี่ยวกับ iPhone</p>\r\n', 'img60927892320190729_222200.png', 20000, '10', 'กล่อง', '2019-07-29 15:22:00'),
(11, 'iPhone XS', 1, '<p>พบกับ Super Retina&nbsp;สองขนาด&nbsp;โดยหนึ่งในนั้นคือจอภาพที่ใหญ่<br />\r\nที่สุดเท่าที่เคยมีมาบน iPhone แล้วยังมี Face&nbsp;ID ที่เร็วยิ่งขึ้น&nbsp;<br />\r\nชิพที่ทั้งฉลาดและทรงพลังที่สุดในสมาร์ทโฟน&nbsp;<br />\r\nและระบบกล้องคู่สุดล้ำที่มาพร้อมการควบคุมระยะชัดลึก&nbsp;<br />\r\nเรียกได้ว่า&nbsp;iPhone XS&nbsp;คือขีดสุดของทุกอย่าง<br />\r\nที่คุณชอบเกี่ยวกับ iPhone</p>\r\n', 'img60927892320190729_222200.png', 20000, '9', 'กล่อง', '2019-07-29 15:22:00'),
(12, 'iPhone XS', 1, '<p>พบกับ Super Retina&nbsp;สองขนาด&nbsp;โดยหนึ่งในนั้นคือจอภาพที่ใหญ่<br />\r\nที่สุดเท่าที่เคยมีมาบน iPhone แล้วยังมี Face&nbsp;ID ที่เร็วยิ่งขึ้น&nbsp;<br />\r\nชิพที่ทั้งฉลาดและทรงพลังที่สุดในสมาร์ทโฟน&nbsp;<br />\r\nและระบบกล้องคู่สุดล้ำที่มาพร้อมการควบคุมระยะชัดลึก&nbsp;<br />\r\nเรียกได้ว่า&nbsp;iPhone XS&nbsp;คือขีดสุดของทุกอย่าง<br />\r\nที่คุณชอบเกี่ยวกับ iPhone</p>\r\n', 'img60927892320190729_222200.png', 20000, '10', 'กล่อง', '2019-07-29 15:22:00'),
(13, 'iPhone XS', 1, '<p>พบกับ Super Retina&nbsp;สองขนาด&nbsp;โดยหนึ่งในนั้นคือจอภาพที่ใหญ่<br />\r\nที่สุดเท่าที่เคยมีมาบน iPhone แล้วยังมี Face&nbsp;ID ที่เร็วยิ่งขึ้น&nbsp;<br />\r\nชิพที่ทั้งฉลาดและทรงพลังที่สุดในสมาร์ทโฟน&nbsp;<br />\r\nและระบบกล้องคู่สุดล้ำที่มาพร้อมการควบคุมระยะชัดลึก&nbsp;<br />\r\nเรียกได้ว่า&nbsp;iPhone XS&nbsp;คือขีดสุดของทุกอย่าง<br />\r\nที่คุณชอบเกี่ยวกับ iPhone</p>\r\n', 'img60927892320190729_222200.png', 20000, '10', 'กล่อง', '2019-07-29 15:22:00'),
(14, 'iPhone XS', 1, '<p>พบกับ Super Retina&nbsp;สองขนาด&nbsp;โดยหนึ่งในนั้นคือจอภาพที่ใหญ่<br />\r\nที่สุดเท่าที่เคยมีมาบน iPhone แล้วยังมี Face&nbsp;ID ที่เร็วยิ่งขึ้น&nbsp;<br />\r\nชิพที่ทั้งฉลาดและทรงพลังที่สุดในสมาร์ทโฟน&nbsp;<br />\r\nและระบบกล้องคู่สุดล้ำที่มาพร้อมการควบคุมระยะชัดลึก&nbsp;<br />\r\nเรียกได้ว่า&nbsp;iPhone XS&nbsp;คือขีดสุดของทุกอย่าง<br />\r\nที่คุณชอบเกี่ยวกับ iPhone</p>\r\n', 'img60927892320190729_222200.png', 20000, '10', 'กล่อง', '2019-07-29 15:22:00'),
(15, 'iPhone XS', 1, '<p>พบกับ Super Retina&nbsp;สองขนาด&nbsp;โดยหนึ่งในนั้นคือจอภาพที่ใหญ่<br />\r\nที่สุดเท่าที่เคยมีมาบน iPhone แล้วยังมี Face&nbsp;ID ที่เร็วยิ่งขึ้น&nbsp;<br />\r\nชิพที่ทั้งฉลาดและทรงพลังที่สุดในสมาร์ทโฟน&nbsp;<br />\r\nและระบบกล้องคู่สุดล้ำที่มาพร้อมการควบคุมระยะชัดลึก&nbsp;<br />\r\nเรียกได้ว่า&nbsp;iPhone XS&nbsp;คือขีดสุดของทุกอย่าง<br />\r\nที่คุณชอบเกี่ยวกับ iPhone</p>\r\n', 'img60927892320190729_222200.png', 20000, '7', 'กล่อง', '2019-07-29 15:22:00'),
(17, 'NIKE', 4, '<p>Nike Epic React Flyknit 2 ปรับโฉมจากรุ่นก่อนหน้าด้วยประสิทธิภาพแบบเรียบลื่นน้ำหนักเบาและลุคสะดุดตา ด้วยส่วนบน Flyknit ปรับโฉมใหม่ซึ่งจะโอบรับรูปเท้าในดีไซน์แบบมินิมอลที่ให้การรองรับได้ดี และมากับเทคโนโลยี Nike React ใต้ฝ่าเท้าที่ทนทาน ซึ่งจะท้าทายทุกกฎเกณฑ์เพราะทั้งนุ่มและตอบสนองได้ดี เพื่อความสบายยาวนานตลอดการวิ่ง</p>\r\n\r\n<ul>\r\n</ul>\r\n', 'img74014676420190729_223022.jpg', 5500, '9', 'ชิ้น', '2019-07-29 15:30:22'),
(18, 'NIKE', 4, '<p>Nike Epic React Flyknit 2 ปรับโฉมจากรุ่นก่อนหน้าด้วยประสิทธิภาพแบบเรียบลื่นน้ำหนักเบาและลุคสะดุดตา ด้วยส่วนบน Flyknit ปรับโฉมใหม่ซึ่งจะโอบรับรูปเท้าในดีไซน์แบบมินิมอลที่ให้การรองรับได้ดี และมากับเทคโนโลยี Nike React ใต้ฝ่าเท้าที่ทนทาน ซึ่งจะท้าทายทุกกฎเกณฑ์เพราะทั้งนุ่มและตอบสนองได้ดี เพื่อความสบายยาวนานตลอดการวิ่ง</p>\r\n\r\n<ul>\r\n</ul>\r\n', 'img74014676420190729_223022.jpg', 5500, '9', 'ชิ้น', '2019-07-29 15:30:22'),
(19, 'NIKE', 4, '<p>Nike Epic React Flyknit 2 ปรับโฉมจากรุ่นก่อนหน้าด้วยประสิทธิภาพแบบเรียบลื่นน้ำหนักเบาและลุคสะดุดตา ด้วยส่วนบน Flyknit ปรับโฉมใหม่ซึ่งจะโอบรับรูปเท้าในดีไซน์แบบมินิมอลที่ให้การรองรับได้ดี และมากับเทคโนโลยี Nike React ใต้ฝ่าเท้าที่ทนทาน ซึ่งจะท้าทายทุกกฎเกณฑ์เพราะทั้งนุ่มและตอบสนองได้ดี เพื่อความสบายยาวนานตลอดการวิ่ง</p>\r\n\r\n<ul>\r\n</ul>\r\n', 'img74014676420190729_223022.jpg', 5500, '7', 'ชิ้น', '2019-07-29 15:30:22'),
(20, 'NIKE', 4, '<p>Nike Epic React Flyknit 2 ปรับโฉมจากรุ่นก่อนหน้าด้วยประสิทธิภาพแบบเรียบลื่นน้ำหนักเบาและลุคสะดุดตา ด้วยส่วนบน Flyknit ปรับโฉมใหม่ซึ่งจะโอบรับรูปเท้าในดีไซน์แบบมินิมอลที่ให้การรองรับได้ดี และมากับเทคโนโลยี Nike React ใต้ฝ่าเท้าที่ทนทาน ซึ่งจะท้าทายทุกกฎเกณฑ์เพราะทั้งนุ่มและตอบสนองได้ดี เพื่อความสบายยาวนานตลอดการวิ่ง</p>\r\n\r\n<ul>\r\n</ul>\r\n', 'img74014676420190729_223022.jpg', 5500, '2', 'ชิ้น', '2019-07-29 15:30:22'),
(21, 'เสื้อโปโล', 3, '<p>เสื้อโปโล ร้านโปโลคลาสสิค มีหลากหลายแบบให้เลือก เนื้อผ้าดี ราคาถูก จากโรงงานผลิตโดยตรง มีบริการส่งแบบเก็บเงินปลายทาง ส่งแบบ Ems 1-3 วันส่งถึงบ้าน มีสินค้าพร้อมส่ง หลายแสนตัว มีทั้งแบบเสื้อโปโลคอปกสีพื้น แบบคอคลีป แบบตัดต่อเฉียง แบบไหล่สโลป คอวี กลม และเสื้อผ้ากีฬเนื้อผ้าดี สามารถกดสั่งซื้อได้ทาง shopee 24 ชั่วโมง ส่งทั่วประเทศ</p>\r\n', 'img94338587120190729_230023.jpeg', 150, '9', 'ชิ้น', '2019-07-29 16:00:23'),
(22, 'เสื้อโปโล', 3, '<p>เสื้อโปโล ร้านโปโลคลาสสิค มีหลากหลายแบบให้เลือก เนื้อผ้าดี ราคาถูก จากโรงงานผลิตโดยตรง มีบริการส่งแบบเก็บเงินปลายทาง ส่งแบบ Ems 1-3 วันส่งถึงบ้าน มีสินค้าพร้อมส่ง หลายแสนตัว มีทั้งแบบเสื้อโปโลคอปกสีพื้น แบบคอคลีป แบบตัดต่อเฉียง แบบไหล่สโลป คอวี กลม และเสื้อผ้ากีฬเนื้อผ้าดี สามารถกดสั่งซื้อได้ทาง shopee 24 ชั่วโมง ส่งทั่วประเทศ</p>\r\n', 'img94338587120190729_230023.jpeg', 150, '8', 'ชิ้น', '2019-07-29 16:00:23'),
(23, 'เสื้อโปโล', 3, '<p>เสื้อโปโล ร้านโปโลคลาสสิค มีหลากหลายแบบให้เลือก เนื้อผ้าดี ราคาถูก จากโรงงานผลิตโดยตรง มีบริการส่งแบบเก็บเงินปลายทาง ส่งแบบ Ems 1-3 วันส่งถึงบ้าน มีสินค้าพร้อมส่ง หลายแสนตัว มีทั้งแบบเสื้อโปโลคอปกสีพื้น แบบคอคลีป แบบตัดต่อเฉียง แบบไหล่สโลป คอวี กลม และเสื้อผ้ากีฬเนื้อผ้าดี สามารถกดสั่งซื้อได้ทาง shopee 24 ชั่วโมง ส่งทั่วประเทศ</p>\r\n', 'img94338587120190729_230023.jpeg', 150, '5', 'ชิ้น', '2019-07-29 16:00:23'),
(24, 'เสื้อโปโล', 3, '<p>เสื้อโปโล ร้านโปโลคลาสสิค มีหลากหลายแบบให้เลือก เนื้อผ้าดี ราคาถูก จากโรงงานผลิตโดยตรง มีบริการส่งแบบเก็บเงินปลายทาง ส่งแบบ Ems 1-3 วันส่งถึงบ้าน มีสินค้าพร้อมส่ง หลายแสนตัว มีทั้งแบบเสื้อโปโลคอปกสีพื้น แบบคอคลีป แบบตัดต่อเฉียง แบบไหล่สโลป คอวี กลม และเสื้อผ้ากีฬเนื้อผ้าดี สามารถกดสั่งซื้อได้ทาง shopee 24 ชั่วโมง ส่งทั่วประเทศ</p>\r\n', 'img94338587120190729_230023.jpeg', 150, '2', 'ชิ้น', '2019-07-29 16:00:23');

-- --------------------------------------------------------

--
-- Table structure for table `tbl_type`
--

CREATE TABLE `tbl_type` (
  `type_id` int(11) NOT NULL,
  `type_name` varchar(100) NOT NULL
) ENGINE=InnoDB DEFAULT CHARSET=utf8;

--
-- Dumping data for table `tbl_type`
--

INSERT INTO `tbl_type` (`type_id`, `type_name`) VALUES
(1, 'โทรศัพท์'),
(2, 'นาฬิกา'),
(3, 'เสื้อผ้า'),
(4, 'รองเท้า'),
(5, 'อื่นๆ'),
(6, 'กล้วยเบรกแตก');

--
-- Indexes for dumped tables
--

--
-- Indexes for table `tbl_bank`
--
ALTER TABLE `tbl_bank`
  ADD PRIMARY KEY (`b_id`);

--
-- Indexes for table `tbl_member`
--
ALTER TABLE `tbl_member`
  ADD PRIMARY KEY (`member_id`);

--
-- Indexes for table `tbl_order`
--
ALTER TABLE `tbl_order`
  ADD PRIMARY KEY (`order_id`);

--
-- Indexes for table `tbl_order_detail`
--
ALTER TABLE `tbl_order_detail`
  ADD PRIMARY KEY (`d_id`);

--
-- Indexes for table `tbl_product`
--
ALTER TABLE `tbl_product`
  ADD PRIMARY KEY (`p_id`);

--
-- Indexes for table `tbl_type`
--
ALTER TABLE `tbl_type`
  ADD PRIMARY KEY (`type_id`);

--
-- AUTO_INCREMENT for dumped tables
--

--
-- AUTO_INCREMENT for table `tbl_bank`
--
ALTER TABLE `tbl_bank`
  MODIFY `b_id` int(11) NOT NULL AUTO_INCREMENT, AUTO_INCREMENT=6;

--
-- AUTO_INCREMENT for table `tbl_member`
--
ALTER TABLE `tbl_member`
  MODIFY `member_id` int(11) NOT NULL AUTO_INCREMENT, AUTO_INCREMENT=5;

--
-- AUTO_INCREMENT for table `tbl_order`
--
ALTER TABLE `tbl_order`
  MODIFY `order_id` int(10) UNSIGNED ZEROFILL NOT NULL AUTO_INCREMENT, AUTO_INCREMENT=10;

--
-- AUTO_INCREMENT for table `tbl_order_detail`
--
ALTER TABLE `tbl_order_detail`
  MODIFY `d_id` int(10) NOT NULL AUTO_INCREMENT, AUTO_INCREMENT=18;

--
-- AUTO_INCREMENT for table `tbl_product`
--
ALTER TABLE `tbl_product`
  MODIFY `p_id` int(11) NOT NULL AUTO_INCREMENT, AUTO_INCREMENT=25;

--
-- AUTO_INCREMENT for table `tbl_type`
--
ALTER TABLE `tbl_type`
  MODIFY `type_id` int(11) NOT NULL AUTO_INCREMENT, AUTO_INCREMENT=7;
COMMIT;

/*!40101 SET CHARACTER_SET_CLIENT=@OLD_CHARACTER_SET_CLIENT */;
/*!40101 SET CHARACTER_SET_RESULTS=@OLD_CHARACTER_SET_RESULTS */;
/*!40101 SET COLLATION_CONNECTION=@OLD_COLLATION_CONNECTION */;
